<?xml version="1.0" encoding="UTF-8"?>
<project-private xmlns="http://www.netbeans.org/ns/project-private/1">
    <editor-bookmarks xmlns="http://www.netbeans.org/ns/editor-bookmarks/2" lastBookmarkId="0"/>
    <open-files xmlns="http://www.netbeans.org/ns/projectui-open-files/2">
        <group>
            <file>file:/C:/Users/esteb/Documents/NetBeansProjects/Practica01/src/practica01/Empresa.java</file>
            <file>file:/C:/Users/esteb/Documents/NetBeansProjects/Practica01/src/pq1AWT_Swing/AplicacionSwing.java</file>
            <file>file:/C:/Users/esteb/Documents/NetBeansProjects/Practica01/src/pq1AWT_Swing/Doble.java</file>
            <file>file:/C:/Users/esteb/Documents/NetBeansProjects/Practica01/src/practica01/Empleado.java</file>
            <file>file:/C:/Users/esteb/Documents/NetBeansProjects/Practica01/src/practica01/practica01.java</file>
        </group>
    </open-files>
</project-private>
