<?xml version="1.0" encoding="UTF-8"?>
<project-private xmlns="http://www.netbeans.org/ns/project-private/1">
    <editor-bookmarks xmlns="http://www.netbeans.org/ns/editor-bookmarks/2" lastBookmarkId="0"/>
    <open-files xmlns="http://www.netbeans.org/ns/projectui-open-files/2">
        <group>
            <file>file:/C:/Users/esteb/Documents/NetBeansProjects/p02_MVC_ERM_HPM/src/p02_mvc_erm/PanAyuda.java</file>
            <file>file:/C:/Users/esteb/Documents/NetBeansProjects/p02_MVC_ERM_HPM/src/Ayuda/psp02/Psp02.java</file>
            <file>file:/C:/Users/esteb/Documents/NetBeansProjects/p02_MVC_ERM_HPM/src/p02_mvc_erm/PanelVer.java</file>
            <file>file:/C:/Users/esteb/Documents/NetBeansProjects/p02_MVC_ERM_HPM/src/p02_mvc_erm/JMenuBar.java</file>
            <file>file:/C:/Users/esteb/Documents/NetBeansProjects/p02_MVC_ERM_HPM/src/Controlador/Error.java</file>
            <file>file:/C:/Users/esteb/Documents/NetBeansProjects/p02_MVC_ERM_HPM/src/Modelo/Empleado.java</file>
            <file>file:/C:/Users/esteb/Documents/NetBeansProjects/p02_MVC_ERM_HPM/src/Ayuda/psp02/PanelVer.java</file>
            <file>file:/C:/Users/esteb/Documents/NetBeansProjects/p02_MVC_ERM_HPM/src/p02_mvc_erm/PanAlta.java</file>
        </group>
    </open-files>
</project-private>
